{
 "cat010": {
  "aad31581-bef4-4991-80cf-b014e889b1c3": 0.651076088634338,
  "d4ae732f-2838-4134-a558-680b1ac36bb8": 0.5858335997483415,
  "77003e0f-fbaa-4def-adc3-cbf7cc000683": 0.6295148749792081,
  "0731690b-65c4-4b56-83f2-c0606d8ee2d3": 0.48516793205161785,
  "2b9a9f41-f468-42db-895b-920fb5050472": 0.3674330546303507,
  "4feea9a8-59d3-4742-9ab9-2ff9aee1caa0": 0.5821921243484617,
  "f214a7fc-cff4-4a8b-b6f8-74af62c936b8": 0.5575099683436876,
  "87bf83d1-2602-4199-8d3e-d45e7a17048f": 0.556733425694019,
  "7eff6257-85e6-402d-9947-90c7336ff7e1": 0.551919976327438,
  "9d4ae236-ad66-428e-91b2-5fd254715b23": 0.526807346777986,
  "c07ed164-df92-4e07-9e8a-d1a4d730d3f0": 0.5234131806995257,
  "1a7ac511-31fd-4281-a482-157c3dabcb15": 0.5205131523909177,
  "e10519a0-e237-49df-a151-83a859609a8e": 0.4968860443157987,
  "44e017be-c4d8-450b-89a8-3d819901ca74": 0.488446585981378
 },
 "cat014": {
  "bf78e1db-f87b-4b60-b77f-2afae628c736": 0.5371971782895283,
  "9786969a-8168-457b-aed8-3337235d874f": 0.6418712240839011,
  "c686587f-ed88-4594-af2c-0402264d2cec": 0.5466511650710734,
  "ac2b2d28-bc04-4c4c-80f9-804f192eb88a": 0.6566770095317752
 },
 "cat015": {
  "19f3d360-8785-4f5a-8128-e9739568b1f7": 0.43439189850174253,
  "8a19310e-19d8-48c2-be43-3192bfc74c8a": 0.45986258836249666,
  "b0856e1f-d108-426f-beb9-17f244e46e98": 0.4877124113079343,
  "25411b75-a6d1-4c98-b1e4-e86eaef68a02": 0.46325825173538554,
  "b0ad9f04-0a71-425a-8e8f-211c44898db6": 0.4345493692228387,
  "0909bcbb-ea6f-413a-a7d5-fffd966d7d00": 0.3834887312073442,
  "f81a937a-46b5-49f5-858c-60b6ae0f268e": 0.4464705081246119,
  "332e566c-a8a6-492a-8751-1a58eadd6782": 0.4578438533637151
 },
 "cat022": {
  "f134b497-30eb-41f6-bc72-3b236caff899": 0.5158189403902156,
  "16c11383-3bae-41b9-8215-84b2813b997e": 0.5431676957010162,
  "132b33d9-bbe1-4264-b5ca-1e724d8a5c0b": 0.5346890041458883,
  "1ea19bb3-cb96-4dda-9a05-4f294bffd769": 0.44683614891873935,
  "84aec24a-f472-435b-8ebd-7b9c60a9daff": 0.45507356928295495,
  "836f68a2-4b11-4a34-aa60-238c18cbcdee": 0.6539008555698631,
  "4b9ccfd2-dd4c-4d7b-bf31-0b9067d26bbd": 0.6320453651120697,
  "37f6bb6c-30db-4a88-b0ad-4c4b9300080f": 0.6311234777809756,
  "a44a5c5d-96ab-4efd-8a93-7a401927d83f": 0.5324049167574781,
  "42328770-fd5a-4db2-8f9c-cc43ae5bec8a": 0.5553535934282101,
  "707cd728-6246-4085-aa0f-0d18f7191657": 0.4763070536085833,
  "143bea17-582e-49e3-9be9-e3b0fcfefb74": 0.4396429629164371,
  "29e64652-3152-40a6-9a4c-a5cb929a81b0": 0.6038565545045437,
  "706aab00-1534-4740-809a-427faa9e142c": 0.6113092553103179,
  "cbad3a63-b9c0-49d7-8600-fce73c0cd91e": 0.5891228877007841,
  "e1168c37-7454-48a8-972a-1e55205cc469": 0.5193371007673769,
  "125c42a7-17c5-4baa-a382-fe86edab49e0": 0.5582510035670588,
  "74548329-1a4c-4ba0-954e-ef22cb4832dd": 0.4290070664320326,
  "f36b35c9-e6bb-49cd-adfb-2c32d2727029": 0.6001534052741535,
  "74095287-b837-4b4c-abee-574010a33a11": 0.5266609641875697,
  "3e3e3824-046b-4a64-ab83-4f47edf5f2c8": 0.49804764921991795,
  "cb1cb126-713f-476c-b489-4c6049e5e72c": 0.49520182432796245,
  "d00703a3-a8b4-4d6c-8dbf-da8cb32b63aa": 0.5965274467253191,
  "eb12fcc0-31b8-454d-b667-8b9fae5abe60": 0.4731774318179326,
  "9bbf1e7c-96cc-4af3-8367-b04974b739c2": 0.5872961150112936,
  "78802a8d-e4ca-4f6d-a94e-d1e2f15e0158": 0.6042322213606289,
  "de8f8e78-14d6-4c22-9408-6c3cf867a67d": 0.5934405821132407,
  "3790fb44-a8fb-44be-a32a-50b754806840": 0.5355370470388752,
  "41fd8158-2581-4dd9-8d19-a7ccc000c12d": 0.5063929845815602,
  "b52b8a41-6e8b-4ad2-94b5-3efef8e7e401": 0.6032942503464959,
  "b1d538d4-ee23-4561-949f-34ab324f4615": 0.589947008187546,
  "86221fc7-c68a-4330-84f9-8cb5a20bb0e4": 0.4733381950723583,
  "9de6ddcb-c3c5-4b7c-836b-b0352bb7ffee": 0.491876961915347,
  "e2694efe-fc45-4a8a-83dc-4ece024821bb": 0.5881416526336911,
  "405fa8cf-32f6-4397-877d-b9000bb90ba5": 0.4658405784246287,
  "28d15f93-41a0-44da-bfac-9eff263e2356": 0.6217782192981168,
  "6b86b0d5-591e-45d4-9119-caf1e1b803e4": 0.6243395301907242,
  "74cc9f95-6bbf-43cc-84bd-3cae03c48371": 0.6740354368628316,
  "3c243c96-344e-47fe-aca2-6de7a857f9dd": 0.6619019594693241,
  "cffb89f9-d714-4c3c-9377-3edf3e340a71": 0.6444469441419474,
  "4f16cb96-5536-4f43-ba58-2244867dfe64": 0.5805964233176321,
  "7ea86592-01b1-448b-b185-8afaed72d703": 0.5871276452574389,
  "a80552e6-d38e-410d-9051-38e1dc1a6c71": 0.5453362210270197,
  "8ae2be0a-3f0c-4092-b243-4ea3cd736930": 0.5098795631873917,
  "0ca54b1e-c999-496b-a434-6efa6a7dcb98": 0.4706325351243796,
  "a6eae6a1-8be9-46db-bd16-c3e6891357d0": 0.6318183257012391,
  "fc081a7f-3107-4dee-9298-90563153c2bf": 0.5756705754652465,
  "86c0463d-6187-48f8-9daf-2b1b3dcbbdc6": 0.603917673791419,
  "255948d3-961e-44ff-8cfc-7601178c2172": 0.6305456542766039,
  "42af5584-cd38-4240-b847-bcff3d9fad34": 0.5708521980667872
 },
 "hp015": {
  "10b9c723-e2df-45e0-8da9-09b88bbea7f2": 0.4810175756928129,
  "1e9dc78d-f1c4-45b8-b48c-3db5c1757fe0": 0.4273162270078356,
  "1a49d1ae-245d-4a90-bc69-2022a5b9a6a3": 0.36690008409046576,
  "aa54ac6f-9682-488c-a52f-026e31146239": 0.4110496360486809,
  "3c0b004c-906c-48bf-a591-e9da96b05857": 0.35123737564625923,
  "0e7c34dc-038a-4248-841b-a36930ecd8b0": 0.39918330353130116,
  "79c23bc5-9787-43f3-b38c-7e8a6bca4dca": 0.3738015810795674,
  "3b7ba2ed-491f-451a-a252-522a0dddead2": 0.4111778415776945,
  "98c139e8-cc63-4a0b-99c2-36de14c68576": 0.4912068395468391,
  "ceaf6304-3895-4c45-88a7-2ae3437648b6": 0.4493276725070942,
  "78bb0942-20ff-4d46-ade3-090ff17312f4": 0.3611097425327545,
  "fdb14497-4a5a-43db-a5f3-90f36448663e": 0.46234236647796956,
  "8f186ec2-e2a8-4125-bc58-99acfda807c7": 0.3683346141859978,
  "717223e7-46dd-41a8-90f9-5cf7596b621e": 0.33901820902054214,
  "da5d4101-1f51-4b29-9edc-6404aa3b8628": 0.3724816570062737,
  "79f7f8d3-b470-4e48-b4ae-08f25b48e488": 0.3278769371500893,
  "599f7b01-7146-473b-8d1b-959dbf183fe9": 0.37959491441070087
 },
 "hp019": {
  "1d12a7c3-0794-4994-a24b-fdd4dd86f45e": 0.5356109580036877,
  "fd0706a4-d70b-4c09-ae68-3e308c178d35": 0.5338322690196713,
  "7ad148cc-6519-4fe3-bf5e-475e7dafdd7b": 0.504173231731593,
  "4224d2e2-1e85-4e9e-a722-cb7d01c407e8": 0.5500078169215095,
  "6da3a4a4-d532-48b0-a7bb-e1f9a3e16481": 0.5391935930918073,
  "b8374360-c565-4581-80f0-18680705242f": 0.5985342396538157,
  "adf3aad1-d13d-4ee3-9432-0f2df2f2f2f8": 0.5606291310062137,
  "60f89702-80e3-48a0-8686-d31548b6a839": 0.5974868908884537,
  "339f06e0-ac30-47d9-b22e-c1baf25e7240": 0.5801037837840238,
  "b786a561-2df9-4038-aedf-2facecef71f6": 0.4725813979840231,
  "cf1612df-d5a9-4b9f-bea7-a76d1a18bde9": 0.5196494688913094,
  "e7abfdd3-00e1-4de7-ba82-1d508d406d5b": 0.5376511750535109,
  "082579b5-b18c-4fdc-befd-10c6afbf95ba": 0.5581651427534053,
  "f3feae48-c7a5-4bb6-849f-d294cff5acd2": 0.5861618471608105,
  "4c23fc9c-78f9-4be8-919d-0750b203ef8c": 0.5478321068588962,
  "414ce99c-0dec-478c-b504-009f14631804": 0.6134825977459656,
  "8f82c91d-119b-46c1-a90e-b01ce632d9d1": 0.5251549759343745,
  "070085b8-435f-4187-bd33-ce432ac03db6": 0.6415291167630388,
  "11f6d1c1-7cdd-43b8-8d78-7e656a681724": 0.630866510342727,
  "38df4aa8-5962-437c-b0ef-afad2dd1293a": 0.5500128596917674,
  "6a920b38-1bb9-409b-a16d-bb52e58558f7": 0.5729127776845595,
  "93cfe0cc-5721-4452-8f85-71354b771620": 0.5594032412212353,
  "2491b1cd-939a-484a-a268-9d0ed93d68cb": 0.5612075829594534,
  "c48fd557-842c-4cd4-a811-724c2f374d28": 0.5676018737029146,
  "2064cc96-48c3-451c-b96c-880da185e4ad": 0.5670640749412749,
  "59e5bb92-5469-42e7-a754-ba40b8af6fe6": 0.669183004828886,
  "99908a8c-aa47-4d92-aba4-17d0188e9f6c": 0.6667123379859082,
  "6877a6a3-91d1-4791-9316-a6b670183387": 0.6623100592809235,
  "1728f0f2-2028-4a6c-88d4-9fbd53059c19": 0.5242280764540369,
  "331f155e-a678-46ef-85a9-f408b1d10800": 0.4251300496868575,
  "17af609e-ed0a-495c-8f15-7ef9b11351e5": 0.4650364620382015,
  "7b95d320-ba51-4729-87d2-1858625d4b79": 0.5344988791192611,
  "509d9de4-a91a-41d0-8557-43f01e6f1730": 0.5091844041713879,
  "79bc7788-b128-4abc-beea-6317e4d06993": 0.6471329288366645,